"","String","Count"
"784","in_the_united_states",36025
"1339","the_end_of_the",30768
"278","at_the_same_time",28702
"267","at_the_end_of",24866
"1476","the_rest_of_the",23606
"431","for_the_first_time",23594
"1109","one_of_the_most",20177
"1075","on_the_other_hand",19077
"57","a_lot_of_people",18237
"1040","of_the_united_states",17955
"750","in_the_middle_of",17907
"815","is_one_of_the",15929
"1642","to_be_able_to",14614
"805","is_going_to_be",13210
"249","as_well_as_the",12313
"686","in_front_of_the",12006
"1228","thank_you_very_much",11905
"1416","the_middle_of_the",11742
"206","as_a_result_of",11330
"1836","what_do_you_think",11313
"475","going_to_have_to",11275
"1860","when_it_comes_to",11180
"140","and_i_think_that",10898
"1528","the_united_states_and",10619
"463","going_to_be_a",10404
"1521","the_top_of_the",10114
"1427","the_new_york_times",9909
"1793","was_one_of_the",9702
"413","for_a_long_time",9518
"72","a_member_of_the",9077
"715","in_the_case_of",9026
"656","if_you_want_to",8789
"336","by_the_end_of",8562
"1742","to_the_united_states",8497
"1076","on_the_other_side",7998
"1294","the_back_of_the",7837
"1332","the_edge_of_the",7783
"1114","one_of_the_things",7636
"731","in_the_first_place",7564
"1058","on_the_basis_of",7274
"186","are_going_to_be",7182
"1352","the_fact_that_the",7165
"1308","the_center_of_the",7158
"734","in_the_form_of",7067
"1443","the_other_side_of",7054
"198","are_you_going_to",6957
"1366","the_first_time_in",6934
"59","a_lot_of_the",6880
"1005","nothing_to_do_with",6834
"1861","when_we_come_back",6817
"647","i_would_like_to",6754
"435","for_the_rest_of",6667
"638","i_was_going_to",6627
"1786","was_going_to_be",6624
"283","at_the_top_of",6607
"1663","to_do_with_the",6529
"41","a_little_bit_of",6524
"31","a_great_deal_of",6434
"671","in_a_way_that",6359
"1304","the_bottom_of_the",6338
"726","in_the_face_of",6293
"1298","the_beginning_of_the",6230
"1495","the_side_of_the",6223
"508","have_a_lot_of",6195
"1754","turned_out_to_be",6033
"1692","to_make_sure_that",5938
"749","in_the_middle_east",5930
"972","n't_want_to_be",5896
"996","not_going_to_be",5891
"1078","on_the_part_of",5847
"124","and_a_lot_of",5839
"540","he_was_going_to",5814
"908","let_me_ask_you",5797
"1564","there_are_a_lot",5786
"184","are_a_lot_of",5748
"1682","to_go_to_the",5729
"1870","will_be_able_to",5717
"105","all_of_a_sudden",5651
"706","in_terms_of_the",5630
"281","at_the_time_of",5532
"154","and_one_of_the",5524
"1168","president_of_the_united",5509
"1037","of_the_things_that",5457
"392","do_you_want_to",5394
"1132","other_side_of_the",5393
"1217","take_a_look_at",5391
"432","for_the_most_part",5269
"262","at_the_beginning_of",5244
"719","in_the_context_of",5224
"253","at_a_time_when",5148
"751","in_the_midst_of",5146
"631","i_want_you_to",5129
"1095","one_of_the_best",5124
"231","as_one_of_the",5113
"1673","to_get_out_of",5057
"234","as_part_of_the",5047
"1805","we_are_going_to",5012
"695","in_one_of_the",5006
"245","as_well_as_a",4938
"386","do_you_think_that",4907
"1713","to_take_care_of",4875
"24","a_few_years_ago",4864
"869","it_seems_to_me",4859
"139","and_i_think_it",4815
"165","and_the_united_states",4811
"1099","one_of_the_first",4774
"203","as_a_matter_of",4769
"673","in_addition_to_the",4752
"419","for_being_with_us",4747
"1264","that_the_united_states",4739
"1227","thank_you_so_much",4723
"55","a_lot_of_money",4716
"1378","the_head_of_the",4691
"1302","the_best_way_to",4688
"738","in_the_history_of",4663
"1678","to_go_back_to",4656
"1098","one_of_the_few",4631
"893","it_would_be_a",4589
"1462","the_president_of_the",4573
"1265","that_there_is_a",4567
"846","it_is_important_to",4546
"1535","the_united_states_is",4540
"1834","what_do_you_mean",4485
"1073","on_the_one_hand",4451
"602","i_think_that_the",4393
"1498","the_size_of_the",4379
"1423","the_nature_of_the",4343
"676","in_and_out_of",4335
"896","it_would_have_been",4333
"655","if_you_look_at",4263
"1220","talk_of_the_nation",4226
"1062","on_the_edge_of",4213
"754","in_the_name_of",4175
"713","in_the_back_of",4149
"62","a_lot_of_things",4143
"1379","the_heart_of_the",4142
"63","a_lot_of_time",4112
"77","a_part_of_the",4111
"716","in_the_center_of",4109
"403","executive_director_of_the",4082
"675","in_an_effort_to",4073
"474","going_to_have_a",4068
"786","in_the_wake_of",4063
"1013","of_one_of_the",4056
"1644","to_be_in_the",4053
"1382","the_history_of_the",4045
"1477","the_rest_of_us",4043
"1904","you_have_to_be",4028
"1911","you_know_what_i",4024
"1689","to_look_at_the",3971
"1613","this_is_going_to",3970
"1517","the_time_of_the",3967
"769","in_the_process_of",3953
"587","i_just_want_to",3932
"1088","on_top_of_the",3916
"191","are_more_likely_to",3866
"1614","this_is_not_a",3865
"1204","some_of_the_most",3834
"1533","the_united_states_has",3833
"259","at_the_age_of",3818
"1177","rest_of_the_world",3818
"1883","with_the_help_of",3808
"1658","to_deal_with_the",3803
"946","most_of_the_time",3800
"1826","what_are_you_doing",3798
"1342","the_extent_to_which",3786
"967","n't_know_what_to",3781
"95","a_wide_range_of",3767
"109","all_over_the_world",3748
"595","i_think_it_was",3747
"233","as_part_of_a",3746
"263","at_the_bottom_of",3716
"681","in_front_of_a",3708
"111","all_the_way_to",3692
"1656","to_come_up_with",3679
"620","i_want_to_be",3655
"1912","you_look_at_the",3653
"617","i_thought_it_was",3648
"1440","the_only_way_to",3637
"1525","the_two_of_them",3625
"467","going_to_be_the",3622
"1849","what_was_going_on",3616
"1447","the_part_of_the",3613
"453","from_time_to_time",3606
"1420","the_name_of_the",3597
"1113","one_of_the_reasons",3576
"83","a_result_of_the",3575
"1373","the_front_of_the",3575
"264","at_the_center_of",3570
"812","is_not_going_to",3549
"1674","to_get_rid_of",3540
"141","and_i_think_the",3534
"1222","tens_of_thousands_of",3527
"423","for_more_than_a",3524
"955","n't_have_to_be",3522
"215","as_if_it_were",3499
"1080","on_the_side_of",3491
"399","end_of_the_day",3485
"993","not_be_able_to",3472
"654","if_you_have_a",3471
"164","and_the_rest_of",3465
"720","in_the_course_of",3460
"960","n't_know_how_to",3455
"1857","when_i_was_a",3454
"299","be_one_of_the",3448
"736","in_the_hands_of",3436
"1729","to_the_fact_that",3429
"285","at_the_university_of",3416
"565","hundreds_of_thousands_of",3413
"436","for_the_sake_of",3412
"909","let_me_tell_you",3398
"489","had_a_lot_of",3388
"1348","the_fact_that_he",3381
"460","go_back_to_the",3379
"683","in_front_of_him",3378
"1547","the_vast_majority_of",3376
"568","i_can_tell_you",3345
"1144","over_the_course_of",3343
"14","a_couple_of_years",3342
"146","and_i_want_to",3328
"70","a_matter_of_fact",3261
"1027","of_the_new_york",3261
"209","as_far_as_i",3249
"594","i_think_it_is",3237
"951","n't_be_able_to",3237
"1556","the_way_to_the",3236
"273","at_the_heart_of",3234
"1486","the_role_of_the",3228
"787","in_the_way_of",3212
"1497","the_size_of_a",3202
"1821","weapons_of_mass_destruction",3199
"1193","should_be_able_to",3169
"1539","the_united_states_to",3164
"1317","the_course_of_the",3155
"458","get_out_of_the",3152
"748","in_the_long_run",3152
"48","a_look_at_the",3149
"266","at_the_edge_of",3145
"1534","the_united_states_in",3144
"308","both_sides_of_the",3142
"505","has_to_do_with",3142
"1905","you_have_to_do",3140
"478","going_to_take_a",3135
"1837","what_do_you_want",3134
"417","for_all_of_us",3127
"1696","to_one_of_the",3124
"1728","to_the_extent_that",3122
"1675","to_get_to_the",3121
"709","in_the_absence_of",3120
"1057","on_the_back_of",3119
"694","in_new_york_city",3076
"1599","they_were_going_to",3076
"1019","of_the_fact_that",3073
"287","at_the_white_house",3072
"512","have_been_able_to",3065
"1139","out_of_the_way",3065
"364","did_not_want_to",3047
"1886","with_the_united_states",3047
"40","a_little_bit_more",3036
"197","are_we_going_to",3024
"213","as_if_he_were",3024
"1267","that_there_was_a",3003
"1336","the_end_of_a",2996
"1874","with_a_lot_of",2991
"410","for_a_couple_of",2978
"1589","there_will_be_a",2978
"1365","the_first_time_i",2976
"1891","would_have_to_be",2971
"484","good_to_see_you",2966
"210","as_far_as_the",2963
"818","is_part_of_the",2961
"773","in_the_same_way",2958
"1797","was_supposed_to_be",2956
"1143","over_and_over_again",2947
"609","i_think_this_is",2943
"157","and_some_of_the",2942
"1617","this_is_one_of",2940
"268","at_the_expense_of",2937
"439","for_the_united_states",2922
"747","in_the_living_room",2910
"1645","to_be_on_the",2901
"905","know_what_to_do",2898
"1415","the_middle_of_a",2887
"682","in_front_of_her",2875
"337","by_the_fact_that",2871
"674","in_an_attempt_to",2859
"1572","there_has_been_a",2854
"1016","of_some_of_the",2848
"670","in_a_variety_of",2846
"1084","on_the_verge_of",2835
"1737","to_the_point_where",2829
"756","in_the_new_york",2825
"1920","you_want_me_to",2821
"1408","the_majority_of_the",2814
"790","in_the_white_house",2812
"826","is_the_author_of",2806
"1756","two_and_a_half",2806
"355","come_up_with_a",2804
"1832","what_do_you_do",2796
"162","and_the_fact_that",2793
"1272","that_this_is_a",2786
"878","it_was_going_to",2785
"722","in_the_direction_of",2780
"1233","that_a_lot_of",2780
"1140","out_to_be_a",2771
"349","can_be_used_to",2770
"218","as_if_they_were",2761
"1481","the_results_of_the",2760
"407","find_a_way_to",2756
"887","it_was_the_first",2752
"223","as_long_as_the",2745
"1367","the_first_time_since",2744
"1646","to_be_one_of",2744
"1760","up_and_down_the",2742
"1881","with_the_exception_of",2742
"1259","that_one_of_the",2741
"1712","to_take_advantage_of",2740
"464","going_to_be_able",2739
"1922","you_want_to_do",2724
"1647","to_be_part_of",2718
"1620","this_is_the_first",2706
"1192","she_was_going_to",2705
"1921","you_want_to_be",2696
"842","it_is_difficult_to",2687
"839","it_has_to_be",2684
"1266","that_there_is_no",2684
"1252","that_it_would_be",2681
"192","are_not_going_to",2679
"1090","once_in_a_while",2679
"1569","there_are_so_many",2673
"930","middle_of_the_night",2650
"1818","we_were_going_to",2641
"1292","the_back_of_his",2639
"1345","the_face_of_the",2634
"311","but_at_the_same",2633
"1085","on_the_way_to",2620
"1545","the_use_of_the",2620
"1895","year_and_a_half",2620
"377","do_you_have_any",2613
"314","but_i_think_that",2611
"560","how_do_you_know",2609
"1779","want_to_talk_about",2608
"182","anything_to_do_with",2607
"885","it_was_one_of",2605
"1740","to_the_top_of",2601
"144","and_i_think_we",2599
"169","and_there_was_a",2599
"387","do_you_think_the",2594
"390","do_you_think_you",2592
"1306","the_case_of_the",2586
"1031","of_the_people_who",2585
"588","i_just_wanted_to",2582
"1919","you_very_much_for",2578
"611","i_think_we_have",2573
"188","are_going_to_have",2571
"1889","would_be_able_to",2570
"1783","was_a_lot_of",2569
"890","it_was_time_to",2561
"685","in_front_of_me",2560
"1504","the_start_of_the",2560
"934","more_likely_to_be",2554
"293","be_able_to_do",2548
"3","a_bit_of_a",2543
"313","but_i_think_it",2537
"664","in_a_lot_of",2530
"1751","trying_to_figure_out",2529
"1156","people_are_going_to",2528
"450","from_the_united_states",2523
"1354","the_fact_that_they",2523
"492","had_nothing_to_do",2522
"975","n't_want_to_go",2521
"759","in_the_number_of",2519
"1418","the_most_important_thing",2518
"1459","the_power_of_the",2506
"1662","to_do_with_it",2506
"361","despite_the_fact_that",2503
"1798","was_the_first_time",2503
"341","by_the_time_the",2494
"1524","the_turn_of_the",2493
"872","it_used_to_be",2487
"1024","of_the_most_important",2485
"1727","to_the_end_of",2483
"1050","on_both_sides_of",2476
"1710","to_take_a_break",2472
"776","in_the_sense_that",2469
"1715","to_talk_about_the",2467
"208","as_a_way_to",2465
"37","a_large_number_of",2462
"1892","would_like_to_see",2460
"485","got_a_lot_of",2459
"1097","one_of_the_biggest",2454
"1894","would_you_like_to",2449
"1718","to_talk_to_you",2446
"1593","they_are_going_to",2438
"518","have_the_right_to",2437
"488","had_a_chance_to",2436
"940","more_than_a_year",2435
"384","do_you_think_it",2430
"1512","the_surface_of_the",2430
"1100","one_of_the_great",2429
"226","as_long_as_you",2425
"585","i_have_to_say",2412
"876","it_was_as_if",2404
"1249","that_it_was_a",2404
"636","i_was_able_to",2400
"1896","you_are_going_to",2399
"107","all_over_the_country",2383
"640","i_was_in_the",2381
"376","do_you_have_a",2379
"1134","out_of_the_car",2379
"501","has_nothing_to_do",2376
"1209","something_to_do_with",2376
"22","a_few_of_the",2369
"96","a_wide_variety_of",2365
"1885","with_the_rest_of",2361
"943","more_than_half_of",2359
"1131","other_parts_of_the",2354
"1474","the_rest_of_his",2354
"798","is_a_lot_of",2350
"1467","the_quality_of_the",2350
"931","might_be_able_to",2341
"1612","this_is_a_very",2338
"530","have_to_worry_about",2335
"810","is_likely_to_be",2331
"1668","to_find_out_what",2330
"194","are_some_of_the",2325
"151","and_it_was_a",2322
"1671","to_get_back_to",2322
"668","in_a_series_of",2320
"1189","seems_to_me_that",2320
"44","a_long_time_ago",2318
"339","by_the_time_i",2317
"666","in_a_number_of",2312
"782","in_the_state_of",2311
"1261","that_some_of_the",2311
"155","and_out_of_the",2303
"1439","the_only_thing_that",2303
"783","in_the_summer_of",2301
"1118","one_of_the_world",2301
"1309","the_chairman_of_the",2293
"712","in_the_area_of",2291
"247","as_well_as_in",2289
"1053","on_one_of_the",2287
"1350","the_fact_that_it",2283
"1463","the_problem_is_that",2275
"1465","the_purpose_of_this",2274
"1863","when_you_look_at",2273
"937","more_than_a_decade",2266
"623","i_want_to_go",2264
"1869","why_do_you_think",2264
"624","i_want_to_know",2262
"827","is_the_fact_that",2255
"240","as_soon_as_the",2252
"418","for_as_long_as",2252
"1442","the_other_end_of",2250
"1489","the_same_kind_of",2246
"1753","turn_out_to_be",2240
"881","it_was_just_a",2231
"702","in_response_to_the",2230
"1630","those_of_us_who",2229
"1340","the_end_of_this",2228
"344","by_the_united_states",2219
"1326","the_direction_of_the",2219
"13","a_couple_of_weeks",2215
"1448","the_past_few_years",2212
"1583","there_was_a_lot",2211
"251","as_well_as_to",2209
"1848","what_to_do_with",2208
"1455","the_people_who_are",2206
"1452","the_past_two_years",2205
"414","for_a_lot_of",2201
"1680","to_go_out_and",2201
"1505","the_state_of_the",2197
"1295","the_base_of_the",2194
"1136","out_of_the_house",2192
"651","if_there_is_a",2189
"536","he_shook_his_head",2186
"841","it_is_clear_that",2186
"294","be_able_to_get",2185
"721","in_the_development_of",2182
"973","n't_want_to_do",2182
"1908","you_have_to_have",2179
"1615","this_is_not_the",2178
"60","a_lot_of_them",2177
"338","by_the_time_he",2177
"237","as_soon_as_i",2175
"1356","the_fact_that_we",2173
"521","have_to_do_is",2168
"1601","think_a_lot_of",2163
"741","in_the_last_few",2160
"1327","the_director_of_the",2157
"851","it_is_not_a",2153
"642","i_was_trying_to",2151
"621","i_want_to_do",2146
"1880","with_some_of_the",2142
"520","have_to_deal_with",2136
"875","it_was_a_very",2134
"469","going_to_do_it",2133
"925","may_or_may_not",2133
"1697","to_participate_in_the",2132
"1810","we_have_to_do",2129
"425","for_most_of_the",2128
"892","it_will_be_a",2124
"1412","the_members_of_the",2123
"677","in_charge_of_the",2122
"1394","the_last_few_years",2121
"591","i_think_a_lot",2117
"1507","the_story_of_the",2116
"1592","there_would_be_no",2114
"605","i_think_that_we",2111
"737","in_the_heart_of",2108
"204","as_a_means_of",2106
"379","do_you_know_what",2105
"704","in_spite_of_the",2103
"224","as_long_as_they",2102
"8","a_couple_of_days",2099
"729","in_the_field_of",2095
"1049","on_behalf_of_the",2095
"1735","to_the_point_of",2094
"1464","the_purpose_of_the",2092
"1384","the_idea_of_a",2086
"217","as_if_she_were",2083
"1393","the_last_couple_of",2083
"180","and_you_have_to",2082
"260","at_the_back_of",2080
"857","it_is_possible_to",2079
"1890","would_have_been_a",2079
"1708","to_some_of_the",2072
"1405","the_life_of_the",2071
"400","end_of_the_year",2069
"1553","the_way_in_which",2068
"600","i_think_that_it",2067
"1324","the_development_of_the",2066
"632","i_wanted_to_be",2063
"845","it_is_hard_to",2058
"506","have_a_chance_to",2055
"97","a_year_and_a",2049
"1770","want_to_be_a",2049
"442","from_all_over_the",2044
"1361","the_first_half_of",2036
"1636","to_a_lot_of",2034
"581","i_have_no_idea",2033
"129","and_at_the_same",2032
"781","in_the_spring_of",2032
"1322","the_degree_to_which",2032
"667","in_a_position_to",2031
"1749","took_a_deep_breath",2025
"807","is_going_to_have",2023
"531","he_and_his_wife",2014
"1232","thanks_very_much_for",2014
"1775","want_to_go_to",2012
"1827","what_are_you_going",2012
"1859","when_it_came_to",2011
"725","in_the_eyes_of",2010
"1557","the_ways_in_which",2007
"1878","with_respect_to_the",2005
"692","in_light_of_the",2004
"1501","the_sound_of_the",2004
"1546","the_value_of_the",2003
"921","may_be_able_to",2001
"1268","that_there_was_no",2000
"705","in_such_a_way",1999
"903","know_what_i_mean",1999
"948","much_for_joining_us",1998
"821","is_talk_of_the",1997
"1129","other_end_of_the",1997
"221","as_long_as_i",1996
"292","be_a_part_of",1995
"575","i_feel_like_i",1993
"1022","of_the_matter_is",1993
"578","i_had_no_idea",1989
"566","i_am_going_to",1986
"1399","the_last_two_years",1985
"693","in_new_york_and",1982
"1372","the_form_of_a",1978
"1755","turns_out_to_be",1977
"347","can_be_found_in",1974
"406","figure_out_how_to",1974
"559","how_do_you_feel",1971
"1374","the_future_of_the",1970
"1619","this_is_talk_of",1970
"767","in_the_presence_of",1968
"1389","the_importance_of_the",1968
"1377","the_hands_of_the",1967
"1738","to_the_rest_of",1966
"1714","to_talk_about_it",1965
"1666","to_figure_out_what",1964
"1705","to_say_that_the",1963
"56","a_lot_of_other",1962
"39","a_little_bit_about",1961
"457","get_out_of_here",1960
"330","but_there_was_no",1958
"123","and_a_half_years",1954
"115","an_awful_lot_of",1953
"728","in_the_fall_of",1953
"434","for_the_purpose_of",1948
"1551","the_war_in_iraq",1946
"286","at_the_very_least",1943
"545","he_was_trying_to",1943
"466","going_to_be_in",1938
"94","a_whole_lot_of",1936
"1903","you_going_to_do",1936
"300","be_part_of_the",1935
"619","i_want_to_ask",1935
"791","in_the_words_of",1935
"88","a_third_of_the",1931
"879","it_was_hard_to",1930
"1825","were_more_likely_to",1930
"481","going_to_try_to",1927
"222","as_long_as_it",1922
"238","as_soon_as_possible",1920
"1396","the_last_of_the",1919
"1282","that_you_have_to",1918
"1590","there_will_be_no",1918
"691","in_just_a_moment",1917
"1453","the_people_in_the",1917
"680","in_favor_of_the",1915
"1277","that_we_have_to",1911
"1924","you_want_to_go",1911
"280","at_the_start_of",1910
"207","as_a_way_of",1907
"880","it_was_in_the",1907
"1665","to_figure_out_how",1907
"345","came_out_of_the",1906
"173","and_this_is_the",1903
"643","i_went_to_the",1903
"1402","the_length_of_the",1903
"1586","there_was_no_way",1901
"1346","the_fact_is_that",1900
"1858","when_i_was_in",1900
"261","at_the_base_of",1896
"108","all_over_the_place",1894
"1051","on_either_side_of",1891
"1449","the_past_five_years",1891
"1151","part_of_the_problem",1889
"510","have_a_right_to",1886
"939","more_than_a_few",1886
"1661","to_do_the_same",1878
"185","are_a_number_of",1876
"1102","one_of_the_largest",1870
"572","i_do_nt_know",1868
"1536","the_united_states_of",1866
"525","have_to_go_to",1865
"137","and_i_think_he",1861
"1039","of_the_united_nations",1857
"1872","will_have_to_be",1856
"409","food_and_drug_administration",1854
"658","in_a_couple_of",1854
"315","but_i_think_the",1853
"4","a_certain_amount_of",1852
"768","in_the_present_study",1852
"1038","of_the_twentieth_century",1851
"1312","the_context_of_the",1850
"1817","we_were_able_to",1849
"1809","we_have_to_be",1847
"541","he_was_in_the",1846
"172","and_this_is_a",1840
"1475","the_rest_of_my",1839
"1492","the_second_half_of",1839
"998","not_going_to_get",1838
"61","a_lot_of_these",1837
"1794","was_one_of_those",1835
"270","at_the_foot_of",1833
"333","but_you_have_to",1833
"1122","one_side_of_the",1833
"1349","the_fact_that_i",1833
"913","little_more_than_a",1829
"766","in_the_past_year",1828
"327","but_there_is_a",1826
"1574","there_is_a_lot",1825
"199","are_you_talking_about",1823
"1752","turn_of_the_century",1823
"1191","she_shook_her_head",1822
"153","and_most_of_the",1821
"1207","some_of_the_things",1820
"519","have_to_be_a",1817
"793","in_the_world_of",1816
"523","have_to_do_with",1815
"1186","seems_to_be_a",1814
"1052","on_his_way_to",1813
"321","but_it_was_a",1810
"1565","there_are_a_number",1809
"1721","to_the_american_people",1809
"433","for_the_new_york",1806
"1369","the_floor_of_the",1804
"703","in_some_of_the",1803
"1205","some_of_the_other",1803
"1844","what_is_going_on",1803
"462","going_on_in_the",1800
"1685","to_learn_how_to",1800
"1703","to_return_to_the",1794
"803","is_based_on_the",1793
"415","for_a_number_of",1792
"1279","that_would_be_a",1792
"622","i_want_to_get",1791
"538","he_was_able_to",1790
"1017","of_the_american_people",1789
"697","in_order_to_get",1787
"1303","the_bottom_line_is",1787
"385","do_you_think_of",1785
"710","in_the_aftermath_of",1785
"190","are_likely_to_be",1784
"1337","the_end_of_his",1784
"856","it_is_possible_that",1783
"1256","that_most_of_the",1781
"772","in_the_right_direction",1779
"236","as_soon_as_he",1773
"369","do_not_want_to",1771
"742","in_the_last_two",1771
"1548","the_wake_of_the",1770
"1318","the_creation_of_a",1768
"1855","when_he_was_a",1767
"757","in_the_next_few",1764
"873","it_was_a_good",1763
"1925","you_want_to_know",1760
"1471","the_relationship_between_the",1759
"1778","want_to_make_sure",1759
"1101","one_of_the_greatest",1758
"1814","we_need_to_do",1756
"1864","whether_or_not_the",1756
"938","more_than_a_dozen",1751
"915","lot_of_people_are",1749
"974","n't_want_to_get",1748
"1181","said_in_an_interview",1748
"1289","the_author_of_the",1748
"607","i_think_there_are",1746
"405","fell_in_love_with",1745
"1796","was_part_of_the",1745
"1917","you_so_much_for",1745
"669","in_a_state_of",1739
"202","as_a_kind_of",1738
"987","no_choice_but_to",1738
"753","in_the_morning_and",1737
"1202","some_of_the_best",1737
"859","it_is_true_that",1735
"1876","with_one_of_the",1735
"1437","the_only_one_who",1733
"1425","the_needs_of_the",1731
"820","is_supposed_to_be",1730
"1835","what_do_you_say",1729
"320","but_it_is_not",1728
"1603","think_it_would_be",1728
"1768","vice_president_of_the",1728
"12","a_couple_of_times",1727
"1291","the_back_of_her",1727
"18","a_different_kind_of",1724
"497","has_a_lot_of",1723
"1434","the_number_of_people",1722
"1281","that_would_have_been",1720
"1290","the_back_of_a",1718
"1108","one_of_the_more",1716
"1845","what_it_means_to",1716
"1278","that_we_need_to",1711
"970","n't_seem_to_be",1708
"527","have_to_look_at",1705
"817","is_part_of_a",1703
"774","in_the_second_half",1702
"835","it_could_have_been",1702
"33","a_growing_number_of",1701
"1667","to_find_a_way",1699
"627","i_want_to_see",1698
"257","at_one_of_the",1693
"1123","one_way_or_another",1693
"1347","the_fact_of_the",1692
"549","health_and_human_services",1691
"1842","what_i_want_to",1691
"168","and_there_is_no",1688
"1155","parts_of_the_world",1688
"412","for_a_few_minutes",1686
"1137","out_of_the_room",1686
"1388","the_impact_of_the",1683
"678","in_contrast_to_the",1682
"978","n't_want_to_see",1682
"7","a_copy_of_the",1681
"1368","the_first_time_that",1680
"100","about_the_fact_that",1678
"1469","the_question_of_whether",1676
"205","as_a_member_of",1675
"958","n't_have_to_worry",1673
"1626","this_part_of_the",1672
"1839","what_does_that_mean",1672
"1643","to_be_in_a",1671
"367","do_a_lot_of",1670
"543","he_was_one_of",1669
"1195","side_of_the_road",1669
"170","and_there_was_no",1668
"19","a_few_days_later",1665
"1744","to_the_white_house",1665
"1153","part_of_the_world",1664
"1262","that_sort_of_thing",1664
"1650","to_be_the_most",1663
"52","a_lot_of_fun",1662
"167","and_there_is_a",1661
"616","i_thought_i_was",1659
"837","it_had_to_be",1659
"730","in_the_first_half",1658
"986","nice_to_see_you",1658
"1879","with_salt_and_pepper",1657
"1487","the_rule_of_law",1656
"1758","united_states_of_america",1656
"1297","the_beginning_of_a",1652
"64","a_lot_of_times",1651
"526","have_to_have_a",1651
"227","as_much_as_i",1645
"356","coming_out_of_the",1645
"1928","you_were_going_to",1645
"444","from_one_of_the",1644
"597","i_think_it_would",1643
"89","a_time_when_the",1642
"404","fact_of_the_matter",1641
"1383","the_house_of_representatives",1641
"1522","the_total_number_of",1641
"1260","that_part_of_the",1640
"828","is_the_first_time",1637
"1723","to_the_bottom_of",1637
"1190","she_and_her_husband",1636
"421","for_each_of_the",1635
"121","an_integral_part_of",1633
"303","been_a_lot_of",1632
"1684","to_keep_up_with",1632
"54","a_lot_of_it",1631
"114","am_i_going_to",1631
"1128","or_something_like_that",1631
"1296","the_basis_of_the",1631
"1230","thanks_for_joining_us",1629
"961","n't_know_if_i",1626
"353","come_out_of_the",1625
"1269","that_there_will_be",1624
"382","do_you_think_he",1623
"535","he_said_he_was",1622
"1360","the_first_day_of",1622
"1631","thought_it_was_a",1622
"176","and_we_have_to",1620
"1750","toward_the_end_of",1618
"277","at_the_other_end",1616
"1160","percent_of_the_population",1616
"1048","on_a_regular_basis",1613
"468","going_to_be_very",1611
"1510","the_success_of_the",1611
"1672","to_get_into_the",1611
"1700","to_pick_up_the",1608
"917","lot_of_people_who",1607
"147","and_i_wanted_to",1606
"871","it_turns_out_that",1606
"1315","the_cost_of_the",1604
"228","as_much_as_possible",1603
"608","i_think_there_is",1602
"1400","the_leader_of_the",1602
"23","a_few_weeks_ago",1601
"1218","take_advantage_of_the",1599
"1637","to_be_a_good",1599
"947","much_for_being_with",1598
"1726","to_the_edge_of",1598
"1746","to_try_to_get",1598
"1877","with_regard_to_the",1597
"135","and_i_have_to",1596
"1142","over_a_period_of",1595
"1757","united_states_and_the",1595
"1012","of_millions_of_dollars",1594
"1540","the_united_states_was",1593
"317","but_i_want_to",1592
"381","do_you_think_about",1592
"551","here_in_new_york",1591
"158","and_that_is_the",1590
"1824","were_going_to_be",1590
"252","as_you_can_see",1589
"1669","to_focus_on_the",1589
"644","i_wish_i_could",1586
"1241","that_he_was_a",1586
"1527","the_two_of_you",1586
"1780","want_to_talk_to",1585
"1782","wanted_to_be_a",1584
"762","in_the_parking_lot",1581
"953","n't_going_to_be",1578
"1741","to_the_united_nations",1578
"1777","want_to_know_what",1577
"473","going_to_go_to",1576
"1660","to_do_something_about",1575
"646","i_would_have_to",1573
"952","n't_been_able_to",1573
"1321","the_day_of_the",1572
"1681","to_go_to_a",1572
"1833","what_do_you_make",1572
"305","believe_it_or_not",1571
"1591","there_would_be_a",1570
"1670","to_get_away_from",1570
"1568","there_are_plenty_of",1569
"443","from_around_the_world",1567
"816","is_one_of_those",1566
"573","i_do_nt_think",1565
"1092","one_at_a_time",1565
"613","i_think_we_should",1563
"865","it_must_have_been",1563
"1580","there_is_no_way",1563
"42","a_little_more_than",1561
"304","been_one_of_the",1561
"1034","of_the_rest_of",1560
"1808","we_have_a_lot",1560
"1624","this_is_what_i",1556
"829","is_the_kind_of",1555
"1063","on_the_eve_of",1555
"1371","the_foot_of_the",1555
"1430","the_next_few_years",1555
"529","have_to_tell_you",1554
"1899","you_can_see_the",1554
"163","and_the_number_of",1552
"701","in_relation_to_the",1550
"764","in_the_past_few",1550
"1323","the_development_of_a",1548
"1146","over_the_next_few",1547
"1239","that_he_had_been",1547
"1154","parts_of_the_country",1545
"1573","there_has_to_be",1543
"271","at_the_hands_of",1542
"309","bring_to_a_boil",1541
"884","it_was_not_a",1538
"844","it_is_going_to",1537
"1046","on_a_daily_basis",1537
"755","in_the_near_future",1535
"584","i_have_to_go",1532
"836","it_had_been_a",1529
"532","he_is_going_to",1526
"603","i_think_that_there",1524
"1035","of_the_state_of",1522
"1212","spent_a_lot_of",1522
"941","more_than_any_other",1519
"1458","the_possibility_of_a",1518
"1006","of_a_lot_of",1517
"799","is_a_matter_of",1515
"1582","there_seems_to_be",1514
"1561","the_work_of_the",1513
"648","i_would_say_that",1512
"66","a_lot_of_work",1510
"1311","the_collapse_of_the",1510
"15","a_cup_of_coffee",1509
"1353","the_fact_that_there",1508
"9","a_couple_of_hours",1507
"21","a_few_months_ago",1506
"1450","the_past_three_years",1505
"1106","one_of_the_many",1504
"1554","the_way_it_is",1504
"1699","to_pay_for_the",1504
"1907","you_have_to_go",1503
"891","it_was_too_late",1502
"1784","was_a_member_of",1500
"212","as_if_he_had",1498
"633","i_wanted_to_do",1498
"1214","state_of_the_union",1498
"1659","to_do_is_to",1498
"1765","used_to_be_a",1498
"1801","was_the_one_who",1498
"193","are_part_of_the",1494
"380","do_you_make_of",1489
"1664","to_ensure_that_the",1489
"1655","to_come_to_the",1487
"45","a_long_time_to",1484
"328","but_there_is_no",1482
"1055","on_reader_service_card",1482
"1431","the_next_five_years",1482
"1254","that_led_to_the",1481
"1485","the_right_thing_to",1481
"1632","thought_it_would_be",1481
"528","have_to_take_a",1478
"1351","the_fact_that_she",1478
"1255","that_many_of_the",1477
"1329","the_door_to_the",1476
"1882","with_the_fact_that",1475
"479","going_to_talk_about",1474
"1482","the_results_of_this",1474
"1387","the_image_of_the",1473
"883","it_was_like_a",1471
"1293","the_back_of_my",1471
"1086","on_their_way_to",1470
"1406","the_los_angeles_times",1469
"159","and_that_was_the",1465
"696","in_order_to_be",1465
"1069","on_the_issue_of",1463
"1693","to_make_sure_the",1462
"800","is_a_member_of",1457
"1502","the_source_of_the",1456
"1802","was_the_only_one",1455
"291","be_a_lot_of",1454
"1067","on_the_floor_of",1454
"1247","that_it_is_a",1454
"966","n't_know_what_the",1453
"1274","that_this_is_the",1453
"459","get_rid_of_the",1451
"119","an_important_role_in",1450
"1461","the_presence_of_the",1450
"1526","the_two_of_us",1450
"1117","one_of_the_two",1447
"133","and_i_had_to",1446
"183","appears_to_be_a",1446
"394","during_the_course_of",1446
"689","in_front_of_you",1446
"342","by_the_time_they",1445
"448","from_the_rest_of",1445
"1310","the_civil_rights_movement",1445
"1823","were_a_lot_of",1444
"679","in_each_of_the",1443
"813","is_not_the_only",1443
"1588","there_were_a_lot",1443
"1110","one_of_the_nation",1442
"743","in_the_last_year",1441
"201","as_a_function_of",1438
"486","got_out_of_the",1438
"1179","right_in_front_of",1438
"1248","that_it_is_not",1438
"1543","the_use_of_a",1438
"254","at_least_in_the",1437
"1357","the_fact_that_you",1434
"1499","the_son_of_a",1433
"122","and_a_couple_of",1432
"1769","want_to_ask_you",1431
"241","as_soon_as_they",1430
"745","in_the_light_of",1430
"1198","so_i_think_that",1429
"1325","the_difference_between_the",1428
"902","keep_in_mind_that",1427
"1830","what_did_you_do",1427
"1893","would_not_have_been",1426
"455","get_a_lot_of",1425
"1725","to_the_development_of",1425
"1454","the_people_of_the",1424
"219","as_it_turned_out",1423
"861","it_may_be_that",1423
"1409","the_man_in_the",1423
"411","for_a_few_days",1422
"862","it_may_not_be",1422
"371","do_the_right_thing",1420
"352","can_you_tell_us",1419
"1173","remains_to_be_seen",1418
"1398","the_last_time_i",1418
"1395","the_last_five_years",1417
"564","hundreds_of_millions_of",1416
"765","in_the_past_two",1416
"220","as_long_as_he",1415
"770","in_the_real_world",1415
"1745","to_think_about_it",1415
"1915","you_need_to_know",1415
"1822","went_back_to_the",1412
"1722","to_the_back_of",1411
"196","are_they_going_to",1410
"1219","take_care_of_the",1410
"1841","what_he_was_doing",1410
"310","but_a_lot_of",1409
"1813","we_need_to_be",1409
"901","keep_an_eye_on",1408
"950","my_wife_and_i",1408
"1197","so_far_as_to",1408
"471","going_to_get_a",1407
"626","i_want_to_say",1407
"899","just_a_little_bit",1407
"900","just_a_matter_of",1407
"1015","of_people_who_are",1407
"1923","you_want_to_get",1407
"635","i_was_a_little",1406
"1343","the_eyes_of_the",1406
"1478","the_rest_of_your",1405
"118","an_important_part_of",1404
"1774","want_to_go_back",1404
"229","as_much_as_the",1403
"378","do_you_have_to",1403
"833","it_comes_to_the",1403
"1914","you_might_want_to",1403
"325","but_one_of_the",1402
"27","a_good_deal_of",1401
"306","between_the_ages_of",1399
"687","in_front_of_them",1398
"1376","the_good_news_is",1398
"522","have_to_do_it",1397
"562","how_to_deal_with",1396
"661","in_a_large_bowl",1396
"143","and_i_think_they",1395
"570","i_do_not_know",1395
"20","a_few_minutes_later",1393
"416","for_a_variety_of",1393
"599","i_think_that_is",1393
"855","it_is_one_of",1393
"1199","so_that_they_can",1390
"1380","the_height_of_the",1390
"28","a_good_idea_to",1389
"447","from_the_perspective_of",1389
"625","i_want_to_make",1389
"1424","the_need_for_a",1389
"665","in_a_matter_of",1386
"964","n't_know_what_i",1386
"990","no_more_than_a",1386
"822","is_that_it_is",1382
"653","if_they_want_to",1380
"586","i_have_to_tell",1379
"1138","out_of_the_water",1379
"1438","the_only_thing_i",1379
"598","i_think_one_of",1377
"825","is_that_what_you",1377
"1772","want_to_do_it",1376
"477","going_to_make_it",1375
"724","in_the_event_of",1375
"1734","to_the_other_side",1374
"1638","to_be_a_little",1373
"1180","right_thing_to_do",1371
"1224","thank_you_for_being",1371
"1552","the_war_on_terror",1371
"274","at_the_height_of",1370
"983","needs_to_be_done",1370
"504","has_to_be_a",1368
"760","in_the_old_days",1368
"1854","what_you_want_to",1367
"491","had_no_idea_what",1366
"1270","that_there_would_be",1366
"548","he_would_have_to",1365
"1479","the_result_of_a",1365
"1607","think_we_have_to",1365
"319","but_it_is_a",1364
"854","it_is_not_the",1364
"1130","other_members_of_the",1364
"634","i_was_a_kid",1363
"650","if_it_were_a",1359
"1701","to_point_out_that",1358
"75","a_number_of_other",1357
"583","i_have_to_do",1357
"848","it_is_in_the",1356
"1686","to_learn_more_about",1356
"684","in_front_of_his",1355
"949","my_husband_and_i",1355
"954","n't_have_time_to",1355
"360","couple_of_years_ago",1354
"1236","that_can_not_be",1354
"106","all_of_us_here",1353
"318","but_in_the_end",1353
"997","not_going_to_do",1353
"298","be_found_in_the",1351
"1104","one_of_the_main",1351
"965","n't_know_what_it",1350
"1314","the_corner_of_the",1350
"1229","thanks_for_being_with",1349
"1910","you_just_have_to",1349
"1008","of_a_number_of",1348
"789","in_the_west_bank",1346
"1711","to_take_a_look",1344
"1901","you_for_joining_us",1344
"847","it_is_impossible_to",1343
"517","have_the_opportunity_to",1341
"1245","that_is_going_to",1341
"437","for_the_study_of",1340
"1147","over_the_past_decade",1339
"398","end_of_the_cold",1337
"1275","that_this_was_a",1337
"1506","the_story_of_a",1337
"1628","this_time_of_year",1335
"1897","you_can_do_it",1334
"1335","the_effects_of_the",1331
"1598","they_were_able_to",1331
"296","be_able_to_see",1330
"980","n't_want_you_to",1329
"1305","the_bulk_of_the",1329
"1799","was_the_first_to",1329
"125","and_a_number_of",1328
"579","i_had_to_do",1328
"601","i_think_that_that",1328
"870","it_should_be_noted",1328
"1847","what_it_was_like",1328
"275","at_the_last_minute",1327
"717","in_the_city_of",1327
"1001","not_to_mention_the",1327
"1716","to_talk_of_the",1325
"1596","they_want_to_be",1324
"34","a_hell_of_a",1323
"428","for_some_of_the",1323
"979","n't_want_to_talk",1323
"991","no_such_thing_as",1323
"1184","see_a_lot_of",1322
"420","for_disease_control_and",1320
"864","it_might_have_been",1320
"1163","percent_of_the_vote",1320
"963","n't_know_if_you",1319
"1503","the_spirit_of_the",1319
"181","and_you_know_what",1317
"794","into_one_of_the",1316
"1651","to_be_with_you",1316
"1640","to_be_a_part",1315
"1149","over_the_past_two",1312
"1649","to_be_the_first",1312
"47","a_long_way_to",1311
"797","is_a_kind_of",1311
"1148","over_the_past_few",1311
"1364","the_first_time_he",1311
"73","a_new_generation_of",1310
"258","at_some_of_the",1310
"11","a_couple_of_months",1308
"480","going_to_tell_you",1306
"830","is_the_most_important",1306
"1105","one_of_the_major",1306
"225","as_long_as_we",1303
"804","is_expected_to_be",1303
"1187","seems_to_be_the",1303
"1496","the_site_of_the",1303
"103","about_the_size_of",1302
"499","has_been_able_to",1302
"1541","the_united_states_will",1299
"1605","think_one_of_the",1299
"401","every_now_and_then",1297
"1120","one_of_them_is",1297
"1211","spend_a_lot_of",1297
"131","and_by_the_way",1296
"396","edition_from_npr_news",1295
"1370","the_food_and_drug",1295
"307","between_the_united_states",1294
"343","by_the_time_we",1294
"1566","there_are_lots_of",1294
"1042","of_this_study_was",1293
"1004","nothing_more_than_a",1292
"554","his_or_her_own",1291
"1771","want_to_do_is",1290
"297","be_back_in_a",1289
"868","it_seems_to_be",1289
"1641","to_be_a_very",1289
"329","but_there_was_a",1287
"438","for_the_time_being",1287
"246","as_well_as_for",1286
"630","i_want_to_thank",1286
"1460","the_presence_of_a",1286
"148","and_if_you_do",1285
"576","i_felt_like_i",1285
"152","and_it_would_be",1282
"610","i_think_we_can",1282
"1041","of_the_white_house",1281
"1884","with_the_idea_of",1281
"537","he_wanted_to_be",1280
"1082","on_the_subject_of",1280
"375","do_you_feel_about",1279
"1215","such_a_way_that",1279
"1520","the_top_of_his",1279
"929","men_and_women_who",1278
"128","and_as_a_result",1277
"733","in_the_first_round",1276
"1028","of_the_nineteenth_century",1276
"698","in_order_to_make",1275
"1328","the_door_of_the",1275
"777","in_the_shadow_of",1274
"843","it_is_easy_to",1274
"1381","the_hell_out_of",1274
"1606","think_this_is_a",1274
"834","it_could_be_a",1273
"1225","thank_you_for_joining",1273
"1739","to_the_side_of",1273
"1828","what_are_you_talking",1271
"976","n't_want_to_have",1270
"838","it_has_been_a",1269
"1023","of_the_middle_east",1269
"1319","the_creation_of_the",1269
"1887","within_the_context_of",1269
"372","do_the_same_thing",1268
"962","n't_know_if_it",1268
"977","n't_want_to_hear",1268
"1331","the_edge_of_a",1268
"1709","to_stay_in_the",1268
"104","across_the_street_from",1267
"936","more_often_than_not",1267
"177","and_we_need_to",1266
"288","at_this_point_in",1266
"511","have_anything_to_do",1266
"1251","that_it_was_the",1266
"563","how_to_do_it",1265
"920","make_sure_that_the",1265
"1175","rest_of_my_life",1264
"1246","that_is_to_say",1264
"272","at_the_head_of",1263
"1491","the_same_way_that",1263
"1208","some_of_them_are",1262
"1633","three_and_a_half",1262
"1657","to_deal_with_it",1262
"1720","to_tell_you_that",1261
"91","a_very_long_time",1260
"1470","the_rear_of_the",1260
"1851","what_would_you_do",1259
"166","and_the_use_of",1258
"495","had_to_do_with",1258
"1238","that_he_did_not",1258
"456","get_back_to_the",1257
"1216","supposed_to_be_a",1255
"968","n't_know_what_you",1253
"1767","very_much_for_joining",1253
"1840","what_happened_to_the",1252
"454","get_a_chance_to",1251
"850","it_is_necessary_to",1251
"959","n't_know_anything_about",1250
"1002","not_to_say_that",1248
"232","as_opposed_to_the",1247
"629","i_want_to_talk",1246
"1010","of_health_and_human",1246
"995","not_being_able_to",1245
"1417","the_midst_of_a",1245
"427","for_one_of_the",1244
"1162","percent_of_the_total",1244
"1707","to_set_up_a",1244
"393","does_not_mean_that",1243
"589","i_knew_it_was",1243
"1116","one_of_the_top",1243
"1791","was_going_to_say",1243
"1888","would_be_a_good",1243
"806","is_going_to_happen",1242
"1871","will_continue_to_be",1242
"615","i_thought_he_was",1241
"1183","second_half_of_the",1241
"446","from_the_fact_that",1240
"882","it_was_kind_of",1240
"1865","whether_or_not_they",1240
"87","a_spokesman_for_the",1239
"136","and_i_know_that",1238
"1253","that_kind_of_thing",1238
"1176","rest_of_the_country",1237
"1200","so_that_we_can",1237
"1411","the_meaning_of_the",1237
"1530","the_united_states_as",1237
"440","freshly_ground_black_pepper",1235
"1473","the_rest_of_her",1234
"1862","when_you_have_a",1234
"127","and_all_of_the",1233
"1567","there_are_people_who",1233
"248","as_well_as_other",1231
"290","back_in_a_moment",1231
"699","in_other_parts_of",1231
"898","just_a_couple_of",1231
"1654","to_come_out_of",1231
"858","it_is_time_to",1230
"1081","on_the_streets_of",1230
"1301","the_best_of_the",1230
"577","i_grew_up_in",1229
"1562","the_world_trade_center",1229
"1576","there_is_no_doubt",1229
"1812","we_have_to_take",1229
"126","and_all_of_a",1228
"1316","the_course_of_a",1228
"490","had_been_in_the",1227
"26","a_friend_of_mine",1226
"50","a_lot_more_than",1226
"116","an_end_to_the",1226
"831","is_the_result_of",1226
"1831","what_did_you_think",1226
"1653","to_come_back_to",1225
"1820","we_would_like_to",1224
"1392","the_kind_of_thing",1223
"422","for_more_information_on",1222
"1161","percent_of_the_time",1222
"1036","of_the_things_i",1220
"918","made_it_clear_that",1219
"1584","there_was_a_time",1219
"276","at_the_level_of",1218
"652","if_there_was_a",1217
"1493","the_secretary_of_state",1217
"1258","that_needs_to_be",1216
"1531","the_united_states_for",1216
"945","most_of_the_people",1215
"1141","out_to_be_the",1215
"1234","that_are_going_to",1215
"1594","they_have_to_be",1215
"373","do_you_agree_with",1214
"1792","was_not_going_to",1214
"788","in_the_way_that",1213
"1223","than_half_of_the",1213
"134","and_i_have_a",1212
"556","hour_and_a_half",1211
"662","in_a_letter_to",1211
"1030","of_the_people_in",1211
"1231","thanks_so_much_for",1210
"1829","what_can_i_do",1210
"36","a_hole_in_the",1209
"85","a_small_group_of",1209
"130","and_by_the_time",1209
"235","as_quickly_as_possible",1209
"357","contributed_to_this_report",1209
"397","either_side_of_the",1209
"1152","part_of_the_reason",1209
"284","at_the_turn_of",1208
"1196","so_as_not_to",1207
"81","a_quarter_of_a",1205
"832","it_can_not_be",1205
"1691","to_make_sense_of",1205
"79","a_piece_of_paper",1204
"171","and_things_like_that",1204
"68","a_majority_of_the",1203
"606","i_think_the_president",1203
"1635","through_the_use_of",1202
"1875","with_a_sense_of",1202
"335","by_one_of_the",1201
"994","not_been_able_to",1201
"1717","to_talk_to_the",1201
"779","in_the_short_term",1200
"1165","player_of_the_year",1200
"1320","the_current_results_set",1200
"86","a_small_number_of",1199
"1747","to_work_in_the",1199
"1385","the_idea_of_the",1198
"1093","one_end_of_the",1197
"1174","rest_of_his_life",1197
"1532","the_united_states_government",1197
"53","a_lot_of_good",1196
"74","a_new_kind_of",1196
"80","a_portion_of_the",1196
"877","it_was_clear_that",1196
"1044","of_us_here_at",1196
"796","into_the_living_room",1195
"1070","on_the_morning_of",1195
"1695","to_make_up_for",1195
"483","good_to_have_you",1194
"956","n't_have_to_do",1194
"739","in_the_interest_of",1192
"904","know_what_it_is",1192
"906","know_what_to_say",1192
"761","in_the_opposite_direction",1191
"465","going_to_be_an",1190
"775","in_the_sense_of",1190
"1182","salt_and_pepper_to",1190
"1789","was_going_to_happen",1190
"51","a_lot_of_different",1189
"156","and_pepper_to_taste",1189
"340","by_the_time_she",1189
"243","as_soon_as_you",1188
"507","have_a_hard_time",1188
"2","a_big_part_of",1187
"1500","the_sound_of_a",1186
"1563","there_are_a_few",1186
"145","and_i_think_you",1185
"1089","once_and_for_all",1185
"735","in_the_fourth_quarter",1184
"1766","very_much_for_being",1184
"316","but_i_think_we",1183
"1299","the_benefit_of_the",1183
"312","but_i_have_to",1182
"331","but_this_is_a",1182
"1397","the_last_three_years",1182
"1077","on_the_outskirts_of",1181
"1206","some_of_the_people",1181
"1243","that_he_was_not",1181
"1558","the_weight_of_the",1181
"612","i_think_we_need",1179
"1103","one_of_the_last",1179
"1188","seems_to_have_been",1179
"1362","the_first_of_the",1179
"1927","you_want_to_see",1179
"614","i_think_you_have",1178
"746","in_the_lives_of",1177
"1787","was_going_to_do",1177
"618","i_thought_you_were",1176
"989","no_matter_what_the",1176
"1575","there_is_also_a",1176
"476","going_to_make_a",1175
"1074","on_the_other_end",1175
"1386","the_idea_that_the",1175
"1509","the_structure_of_the",1175
"391","do_you_want_me",1174
"1210","son_of_a_bitch",1174
"814","is_not_to_say",1172
"1600","they_were_in_the",1172
"1610","this_is_a_good",1172
"744","in_the_life_of",1171
"988","no_matter_how_much",1171
"1045","off_the_coast_of",1171
"1648","to_be_the_best",1171
"1018","of_the_cold_war",1169
"557","how_are_you_doing",1168
"1602","think_it_was_a",1168
"110","all_the_way_down",1166
"383","do_you_think_i",1166
"388","do_you_think_they",1166
"641","i_was_on_the",1165
"780","in_the_soviet_union",1165
"982","near_the_end_of",1165
"1047","on_a_number_of",1165
"785","in_the_use_of",1164
"1579","there_is_no_reason",1164
"867","it_out_of_the",1163
"366","director_of_the_national",1162
"957","n't_have_to_go",1162
"1169","purpose_of_this_study",1162
"408","first_half_of_the",1161
"1125","only_a_handful_of",1161
"1571","there_had_been_a",1161
"1803","way_or_the_other",1161
"546","he_went_to_the",1160
"771","in_the_rest_of",1159
"1616","this_is_not_to",1159
"1623","this_is_weekend_edition",1159
"334","but_you_know_what",1158
"211","as_i_understand_it",1157
"513","have_been_in_the",1157
"553","him_out_of_the",1157
"1916","you_really_want_to",1157
"452","from_the_white_house",1155
"502","has_the_potential_to",1155
"1816","we_want_to_be",1155
"1283","the_absence_of_a",1154
"1578","there_is_no_question",1154
"539","he_was_about_to",1153
"1124","one_way_or_the",1152
"1560","the_white_house_and",1152
"1627","this_study_was_to",1152
"120","an_increase_in_the",1151
"1358","the_far_end_of",1151
"1410","the_manner_in_which",1151
"1542","the_united_states_would",1151
"482","good_morning_to_you",1150
"888","it_was_the_only",1150
"1242","that_he_was_going",1150
"295","be_able_to_make",1149
"1341","the_environmental_protection_agency",1149
"1559","the_west_bank_and",1149
"1595","they_need_to_be",1149
"174","and_this_is_what",1148
"302","become_one_of_the",1147
"840","it_has_to_do",1147
"1011","of_his_or_her",1147
"429","for_the_benefit_of",1146
"574","i_do_think_that",1145
"1068","on_the_grounds_that",1145
"1280","that_would_be_the",1145
"1428","the_next_couple_of",1145
"1698","to_pay_for_it",1145
"99","about_some_of_the",1144
"874","it_was_a_great",1144
"1056","on_some_of_the",1144
"1284","the_aftermath_of_the",1143
"1286","the_american_people_are",1143
"1472","the_remainder_of_the",1143
"365","did_you_know_that",1141
"395","early_in_the_morning",1141
"445","from_side_to_side",1141
"1736","to_the_point_that",1141
"76","a_number_of_years",1140
"323","but_it_was_the",1140
"92","a_way_of_life",1139
"1618","this_is_something_that",1139
"189","are_less_likely_to",1138
"71","a_matter_of_time",1137
"160","and_the_ability_to",1137
"354","come_to_terms_with",1137
"569","i_could_see_the",1137
"910","like_a_lot_of",1137
"1577","there_is_no_evidence",1137
"1676","to_give_you_a",1137
"1763","up_in_the_morning",1137
"178","and_we_want_to",1136
"690","in_just_a_few",1135
"1762","up_in_the_air",1135
"596","i_think_it_will",1134
"1276","that_we_have_a",1133
"1508","the_strength_of_the",1132
"1688","to_look_at_it",1132
"1622","this_is_the_way",1131
"1873","with_a_group_of",1131
"1213","standing_in_front_of",1130
"132","and_for_the_first",1129
"985","new_york_stock_exchange",1129
"1432","the_next_two_years",1129
"242","as_soon_as_we",1128
"1846","what_it_takes_to",1128
"1900","you_for_being_with",1128
"926","me_ask_you_about",1127
"1158","people_who_want_to",1127
"67","a_lot_to_do",1126
"1061","on_the_day_of",1126
"534","he_or_she_is",1125
"801","is_an_example_of",1125
"348","can_be_seen_in",1124
"1359","the_far_side_of",1124
"389","do_you_think_this",1123
"500","has_been_in_the",1123
"714","in_the_back_seat",1123
"1066","on_the_floor_and",1123
"1170","put_an_end_to",1123
"1759","until_the_end_of",1122
"849","it_is_likely_that",1121
"639","i_was_in_a",1120
"1020","of_the_federal_government",1120
"516","have_the_ability_to",1119
"1014","of_people_in_the",1119
"1375","the_goal_is_to",1119
"1433","the_night_of_the",1119
"370","do_something_about_it",1118
"426","for_much_of_the",1118
"912","little_bit_of_a",1118
"1555","the_way_it_was",1118
"175","and_we_have_a",1117
"514","have_no_idea_what",1116
"944","more_than_just_a",1116
"1133","out_in_front_of",1116
"1639","to_be_a_lot",1116
"1538","the_united_states_should",1115
"1913","you_may_want_to",1115
"187","are_going_to_get",1114
"326","but_the_fact_is",1114
"711","in_the_arab_world",1114
"792","in_the_world_and",1114
"46","a_long_way_from",1112
"322","but_it_was_not",1112
"752","in_the_minds_of",1112
"1157","people_who_have_been",1112
"561","how_do_you_think",1111
"1404","the_life_of_a",1111
"1287","the_amount_of_time",1109
"1429","the_next_few_days",1109
"1795","was_part_of_a",1109
"1748","to_work_with_the",1108
"1079","on_the_road_to",1107
"362","did_not_have_a",1106
"542","he_was_on_the",1106
"1702","to_respond_to_the",1105
"402","every_once_in_a",1104
"494","had_to_do_was",1104
"663","in_a_long_time",1104
"992","not_a_lot_of",1104
"1201","so_what_do_you",1104
"1250","that_it_was_not",1104
"65","a_lot_of_us",1103
"1094","one_of_my_favorite",1103
"1403","the_level_of_the",1103
"150","and_it_is_a",1102
"470","going_to_do_that",1102
"1257","that_need_to_be",1102
"1111","one_of_the_other",1101
"1604","think_of_it_as",1101
"592","i_think_he_was",1100
"1226","thank_you_for_your",1100
"16","a_day_or_two",1099
"451","from_the_very_beginning",1099
"547","he_would_have_been",1099
"1355","the_fact_that_this",1099
"1811","we_have_to_go",1099
"1401","the_leaders_of_the",1098
"509","have_a_problem_with",1097
"1150","part_of_the_country",1097
"1421","the_names_of_the",1097
"1444","the_other_way_around",1097
"1484","the_right_side_of",1097
"1781","want_you_to_know",1097
"195","are_supposed_to_be",1096
"430","for_the_development_of",1096
"923","may_not_be_the",1096
"358","could_be_used_to",1095
"1064","on_the_fact_that",1095
"1581","there_may_be_a",1095
"1621","this_is_the_most",1095
"1634","three_times_a_week",1094
"1273","that_this_is_not",1093
"1490","the_same_time_that",1093
"853","it_is_not_surprising",1092
"1853","what_you_have_to",1091
"1719","to_tell_the_truth",1090
"645","i_would_have_been",1089
"824","is_that_there_is",1089
"1516","the_three_of_us",1089
"1704","to_say_that_i",1088
"1445","the_outcome_of_the",1087
"1694","to_make_sure_they",1087
"1866","while_at_the_same",1087
"138","and_i_think_i",1086
"279","at_the_sight_of",1085
"969","n't_need_to_be",1085
"1456","the_point_of_view",1085
"1083","on_the_top_of",1084
"1338","the_end_of_it",1084
"5","a_change_in_the",1083
"571","i_do_not_think",1083
"1119","one_of_the_worst",1083
"1414","the_middle_east_and",1083
"1435","the_office_of_the",1083
"1773","want_to_do_that",1083
"1235","that_can_be_used",1082
"1333","the_edges_of_the",1082
"1652","to_believe_that_the",1082
"113","all_you_have_to",1081
"860","it_looks_like_a",1081
"1608","think_we_need_to",1081
"149","and_in_some_cases",1080
"999","not_going_to_happen",1080
"659","in_a_few_minutes",1079
"732","in_the_first_quarter",1079
"1164","play_a_role_in",1079
"1244","that_he_would_be",1078
"78","a_period_of_time",1077
"515","have_nothing_to_do",1077
"567","i_believe_that_the",1077
"301","be_used_as_a",1076
"1363","the_first_thing_i",1076
"1815","we_need_to_get",1076
"1","a_better_understanding_of",1075
"1519","the_top_of_a",1075
"1819","we_were_talking_about",1075
"1838","what_does_it_mean",1075
"58","a_lot_of_that",1074
"1611","this_is_a_great",1074
"461","going_back_to_the",1073
"1587","there_was_only_one",1072
"350","can_not_be_represented",1071
"498","has_always_been_a",1071
"933","minutes_past_the_hour",1071
"250","as_well_as_their",1070
"1690","to_make_a_difference",1070
"1850","what_we_need_to",1070
"866","it_needs_to_be",1069
"1065","on_the_first_day",1069
"1629","this_was_the_first",1069
"230","as_much_as_they",1068
"727","in_the_fact_that",1067
"117","an_hour_and_a",1066
"795","into_the_hands_of",1066
"1549","the_wall_street_journal",1066
"1790","was_going_to_have",1066
"1843","what_i_was_doing",1065
"216","as_if_she_had",1064
"580","i_have_a_lot",1064
"1043","of_thousands_of_dollars",1064
"1513","the_terms_of_the",1064
"255","at_least_one_of",1063
"778","in_the_shape_of",1063
"897","it_would_not_be",1063
"1446","the_owner_of_the",1063
"1451","the_past_two_decades",1063
"1518","the_tip_of_the",1063
"1800","was_the_last_time",1063
"604","i_think_that_they",1062
"1537","the_united_states_senate",1062
"1677","to_go_back_and",1062
"593","i_think_if_you",1061
"802","is_based_on_a",1061
"1852","what_you_can_do",1061
"179","and_what_do_you",1060
"763","in_the_past_decade",1060
"1032","of_the_relationship_between",1060
"1159","percent_of_the_people",1060
"1263","that_the_number_of",1060
"1806","we_are_talking_about",1060
"1112","one_of_the_problems",1059
"1221","tens_of_millions_of",1059
"1706","to_see_if_the",1059
"35","a_high_level_of",1058
"533","he_looked_at_me",1056
"1025","of_the_most_popular",1056
"17","a_deep_breath_and",1055
"112","all_the_way_up",1055
"927","me_ask_you_this",1055
"346","came_up_with_a",1054
"550","here_at_abc_news",1054
"916","lot_of_people_in",1054
"1488","the_same_as_the",1054
"1679","to_go_into_the",1053
"98","a_year_or_two",1052
"1511","the_support_of_the",1052
"332","but_we_have_to",1051
"971","n't_think_it_was",1051
"1413","the_men_and_women",1051
"1466","the_quality_of_life",1051
"1764","us_here_at_abc",1050
"424","for_more_than_two",1049
"823","is_that_there_are",1049
"984","never_be_able_to",1049
"1026","of_the_nation_from",1048
"1856","when_he_was_in",1048
"200","as_a_form_of",1047
"368","do_not_have_the",1047
"852","it_is_not_clear",1047
"1271","that_they_are_not",1047
"1529","the_united_states_are",1047
"1776","want_to_have_a",1047
"269","at_the_far_end",1046
"1091","once_upon_a_time",1046
"1203","some_of_the_more",1046
"82","a_quarter_of_the",1045
"889","it_was_time_for",1045
"1457","the_position_of_the",1045
"90","a_tremendous_amount_of",1044
"919","make_a_lot_of",1044
"1178","results_of_this_study",1044
"1185","see_if_we_can",1044
"10","a_couple_of_minutes",1043
"25","a_few_years_later",1043
"657","important_to_note_that",1043
"6","a_closer_look_at",1042
"38","a_letter_to_the",1042
"239","as_soon_as_she",1042
"811","is_more_likely_to",1042
"935","more_likely_to_have",1042
"809","is_it_going_to",1041
"1107","one_of_the_men",1041
"1334","the_effect_of_the",1041
"84","a_sense_of_the",1040
"1072","on_the_night_of",1040
"1597","they_want_to_do",1040
"637","i_was_about_to",1039
"1054","on_one_side_of",1039
"1344","the_face_of_a",1039
"1731","to_the_level_of",1039
"1033","of_the_republican_party",1038
"49","a_look_at_this",1037
"688","in_front_of_us",1037
"1127","or_anything_like_that",1037
"582","i_have_to_be",1036
"911","like_the_rest_of",1036
"1480","the_result_of_the",1035
"1902","you_go_to_the",1035
"1135","out_of_the_country",1034
"493","had_the_opportunity_to",1033
"552","here_in_the_united",1033
"1237","that_has_to_be",1033
"1300","the_best_in_the",1033
"214","as_if_i_were",1032
"351","can_tell_you_that",1032
"1060","on_the_cover_of",1032
"1807","we_are_trying_to",1032
"524","have_to_go_through",1031
"740","in_the_last_decade",1030
"863","it_means_to_be",1030
"1515","the_three_of_them",1030
"374","do_you_believe_that",1029
"487","grew_up_in_the",1029
"718","in_the_company_of",1029
"895","it_would_be_the",1029
"1550","the_walls_of_the",1029
"1906","you_have_to_get",1029
"30","a_good_way_to",1028
"1096","one_of_the_big",1028
"1544","the_use_of_force",1028
"555","his_way_to_the",1027
"914","long_way_to_go",1027
"1021","of_the_importance_of",1027
"1683","to_have_to_be",1027
"1804","way_to_do_it",1027
"256","at_least_some_of",1026
"672","in_accordance_with_the",1026
"723","in_the_early_days",1026
"894","it_would_be_like",1026
"1523","the_truth_is_that",1026
"102","about_the_same_time",1025
"590","i_looked_at_the",1025
"1003","not_want_to_be",1025
"1909","you_have_to_make",1025
"1918","you_think_about_it",1025
"244","as_we_know_it",1024
"324","but_most_of_the",1024
"1000","not_going_to_have",1024
"1121","one_of_them_was",1024
"1126","only_one_of_the",1024
"1724","to_the_conclusion_that",1024
"1733","to_the_new_york",1024
"161","and_the_author_of",1023
"1059","on_the_brink_of",1023
"1330","the_early_days_of",1022
"1390","the_inside_of_the",1022
"1687","to_live_in_a",1022
"265","at_the_core_of",1021
"708","in_terms_of_what",1021
"1071","on_the_new_york",1021
"1285","the_age_of_the",1021
"1313","the_core_of_the",1021
"1743","to_the_use_of",1021
"1788","was_going_to_get",1020
"93","a_way_to_get",1019
"922","may_not_be_able",1019
"1007","of_a_man_who",1019
"1009","of_a_series_of",1019
"1171","put_it_in_the",1019
"496","hard_for_me_to",1018
"1625","this_is_what_we",1018
"289","back_and_forth_between",1016
"660","in_a_kind_of",1016
"1029","of_the_number_of",1016
"1391","the_interests_of_the",1016
"1483","the_right_of_the",1015
"1494","the_shape_of_the",1015
"1732","to_the_needs_of",1015
"707","in_terms_of_their",1014
"886","it_was_only_a",1014
"1194","should_be_noted_that",1014
"472","going_to_give_you",1013
"558","how_did_you_get",1013
"700","in_part_because_of",1013
"1087","on_top_of_that",1012
"1867","who_are_going_to",1012
"1898","you_can_get_a",1012
"32","a_group_of_people",1011
"544","he_was_talking_about",1011
"1115","one_of_the_three",1011
"1468","the_question_of_the",1011
"1514","the_things_that_we",1011
"449","from_the_top_of",1010
"808","is_important_to_note",1009
"1419","the_mouth_of_the",1009
"1761","up_in_front_of",1009
"628","i_want_to_show",1008
"1585","there_was_no_one",1008
"363","did_not_have_the",1007
"924","may_not_have_been",1007
"1422","the_nation_from_npr",1007
"1570","there_can_be_no",1007
"1785","was_a_time_when",1007
"1868","who_grew_up_in",1007
"29","a_good_place_to",1006
"69","a_man_with_a",1006
"142","and_i_think_there",1006
"649","if_it_had_been",1006
"942","more_than_anything_else",1006
"1609","this_has_been_a",1006
"1730","to_the_idea_of",1006
"1926","you_want_to_make",1006
"1166","point_of_view_of",1005
"1240","that_he_wanted_to",1005
"43","a_long_period_of",1004
"282","at_the_time_that",1004
"503","has_the_right_to",1004
"932","millions_of_dollars_in",1004
"1441","the_opening_of_the",1004
"981","nation_from_npr_news",1003
"1172","reason_to_believe_that",1003
"1307","the_center_of_a",1003
"101","about_the_nature_of",1002
"441","from_a_variety_of",1002
"907","less_than_a_year",1002
"1145","over_the_last_few",1002
"1167","president_of_the_national",1002
"1288","the_answer_to_that",1002
"1407","the_magnitude_of_the",1002
"359","could_have_been_a",1001
"758","in_the_nineteenth_century",1001
"819","is_said_to_be",1001
"928","meet_the_needs_of",1001
"1426","the_new_york_stock",1001
"1436","the_one_with_the",1001
